{
    "Ne": {
        "beta": -0.003808,
        "alpha": 2.373625,
        "A": 119.845223,
        "C10": 1520,
        "C8": 96.5,
        "C6": 6.447,
        "D": 1.36,
        "Rmin": 5.841
    },
    "Xe": {
        "beta": -0.049061,
        "Cs2": 154.0,
        "alpha": 0.9127,
        "A": 48.72733,
        "Cs1": 201.0,
        "C10": 619600.0,
        "L0v": 3.77945375554871,
        "C8": 11214.0,
        "C6": 283.9,
        "D": 1.114,
        "Rmin": 8.2497916
    },
    "Kr": {
        "beta": -0.04869,
        "Cs2": 63.4,
        "alpha": 1.1066257,
        "A": 44.44924,
        "Cs1": 85.4,
        "C10": 170000.0,
        "L0v": 3.40150837999384,
        "C8": 3947.999,
        "C6": 128.304,
        "D": 1.208,
        "Rmin": 7.57969
    },
    "Ar": {
        "beta": -0.035962,
        "Cs2": 29.8,
        "alpha": 1.518399,
        "A": 102.602,
        "Cs1": 41.1,
        "C10": 51000.0,
        "L0v": 3.2125356922164,
        "C8": 1640.0,
        "C6": 64.3,
        "D": 1.36,
        "Rmin": 7.098756
    }
}